Date,IPO Name,Profile,Issue Size (in crores),QIB,HNI,RII,Total,Issue,Listing Open,Listing Close,Listing Gains(%),CMP,Current  Gains (%)
29-07-21,Tatva Chintan,https://www.moneycontrol.com/ipo/tatva-chintan_TCP02.html,500.0,2.55,9.78,13.36,9.5,1083.0,2111.8,2310.25,113.32,"2,268.50",109.46
23-07-21,Zomato,https://www.moneycontrol.com/ipo/zomato_Z01.html,9375.0,51.79,32.96,7.45,38.25,76.0,115.0,125.85,65.59,133.35,75.46
19-07-21,Clean Science,https://www.moneycontrol.com/ipo/clean-science_CST.html,1546.0,156.37,206.43,9.0,93.41,900.0,1784.4,1585.2,76.13,"1,682.80",86.98
19-07-21,G R Infra,https://www.moneycontrol.com/ipo/g-r-infra_I13.html,963.28,93.18,73.01,4.89,43.48,837.0,1700.0,1746.8,108.7,"1,730.85",106.79
07-07-21,India Pesticide,https://www.moneycontrol.com/ipo/india-pesticide_IP09.html,800.0,2.64,1.36,4.4,3.25,296.0,360.0,335.45,13.33,337.40,13.99
05-07-21,Krishna Inst.,https://www.moneycontrol.com/ipo/krishna-inst._KIO01.html,2146.0,5.26,1.89,2.9,3.86,825.0,1009.0,1096.8,32.95,"1,206.60",46.25
28-06-21,Dodla Dairy,https://www.moneycontrol.com/ipo/dodla-dairy_DD02.html,521.0,84.88,73.26,11.34,45.62,428.0,550.0,609.1,42.31,617.50,44.28
24-06-21,Shyam Metalics,https://www.moneycontrol.com/ipo/shyam-metalics_SME05.html,909.0,62.18,172.51,5.29,56.56,306.0,380.0,375.85,22.83,436.10,42.52
24-06-21,Sona BLW,https://www.moneycontrol.com/ipo/sona-blw_SBP04.html,5550.0,1.57,0.22,0.66,1.04,291.0,302.4,362.85,24.69,438.90,50.82
14-05-21,PowerGrid InvIT,https://www.moneycontrol.com/ipo/powergrid-invit_PII04.html,7734.99,0.0,0.0,0.0,0.0,100.0,104.0,102.98,2.98,119.00,19.0
19-04-21,Macrotech Dev,https://www.moneycontrol.com/ipo/macrotech-dev_MD04.html,2500.0,3.05,1.44,0.4,1.36,486.0,439.0,463.15,-4.7,853.45,75.61
07-04-21,Barbeque Nat,https://www.moneycontrol.com/ipo/barbeque-nat_BNH.html,453.6,0.0,0.0,0.0,0.0,500.0,492.0,590.4,18.08,878.70,75.74
30-03-21,Nazara,https://www.moneycontrol.com/ipo/nazara_NT03.html,582.91,52.82,148.42,34.49,75.04,1101.0,1971.0,1576.8,43.22,"1,850.00",68.03
26-03-21,Suryoday Small,https://www.moneycontrol.com/ipo/suryoday-small_SSF08.html,582.34,2.18,1.31,3.09,2.37,305.0,274.75,276.2,-9.44,203.45,-33.3
26-03-21,Kalyan Jeweller,https://www.moneycontrol.com/ipo/kalyan-jeweller_KJI01.html,1175.0,1.18,0.97,1.47,1.28,87.0,73.9,75.3,-13.45,70.90,-18.51
25-03-21,Laxmi Organic,https://www.moneycontrol.com/ipo/laxmi-organic_LOI01.html,600.0,1.13,0.73,4.41,2.68,130.0,173.0,164.6,26.62,261.55,101.19
25-03-21,Craftsman,https://www.moneycontrol.com/ipo/craftsman_CA07.html,823.7,0.56,0.05,1.04,0.69,1490.0,1440.0,1433.0,-3.83,"2,001.75",34.35
24-03-21,Anupam Rasayan,https://www.moneycontrol.com/ipo/anupam-rasayan_ARI02.html,760.0,30.8,62.06,4.62,23.86,555.0,534.7,525.9,-5.24,723.10,30.29
19-03-21,Easy Trip,https://www.moneycontrol.com/ipo/easy-trip_ETP01.html,510.0,0.0,2.79,14.48,3.39,187.0,182.0,208.3,11.39,408.85,118.64
15-03-21,MTAR Tech,https://www.moneycontrol.com/ipo/mtar-tech_MT14.html,596.41,52.01,522.35,12.78,133.18,575.0,990.05,1082.25,88.22,"1,438.85",150.23
05-03-21,Heranba,https://www.moneycontrol.com/ipo/heranba_HI14.html,60.0,25.98,108.72,4.82,33.13,627.0,900.0,812.25,29.55,810.15,29.21
26-02-21,Railtel,https://www.moneycontrol.com/ipo/railtel_RCO01.html,819.24,22.03,51.4,7.08,20.68,94.0,109.0,121.4,29.15,139.00,47.87
25-02-21,Nureca,https://www.moneycontrol.com/ipo/nureca_N10.html,100.0,0.24,17.1,74.29,17.98,400.0,634.95,666.65,66.66,"1,728.35",332.09
05-02-21,Stove Kraft,https://www.moneycontrol.com/ipo/stove-kraft_SK02.html,412.63,8.02,32.72,26.04,18.03,385.0,498.0,445.95,15.83,772.15,100.56
03-02-21,Home First,https://www.moneycontrol.com/ipo/home-first_HFF.html,1153.72,52.53,39.0,6.59,26.66,518.0,612.15,527.4,1.81,600.00,15.83
02-02-21,Indigo Paints,https://www.moneycontrol.com/ipo/indigo-paints_IP07.html,1170.56,96.21,115.76,6.5,54.84,1490.0,2607.5,3118.65,109.31,"2,595.00",74.16
29-01-21,IRFC,https://www.moneycontrol.com/ipo/irfc_IRF.html,4633.0,0.89,0.52,1.59,1.16,26.0,25.0,24.85,-4.42,23.00,-11.54
01-01-21,Antony Waste,https://www.moneycontrol.com/ipo/antony-waste_AWH.html,300.53,0.64,0.28,7.22,3.85,315.0,430.0,407.25,29.29,344.95,9.51
24-12-20,Bectors Food,https://www.moneycontrol.com/ipo/bectors-food_MBF01.html,540.54,176.85,620.86,29.33,198.02,288.0,501.0,595.55,106.79,427.90,48.58
14-12-20,Burger King,https://www.moneycontrol.com/ipo/burger-king_BKI01.html,796.5,86.64,354.11,68.15,156.65,60.0,115.35,138.4,130.67,180.40,200.67
20-11-20,Gland,https://www.moneycontrol.com/ipo/gland_GP14.html,6479.55,6.4,0.51,0.24,2.06,1500.0,1710.0,1820.45,21.36,"3,920.00",161.33
02-11-20,Equitas Bank,https://www.moneycontrol.com/ipo/equitas-bank_ESF.html,517.6,3.91,0.22,2.08,1.95,33.0,31.0,32.75,-0.76,63.20,91.52
12-10-20,UTI AMC,https://www.moneycontrol.com/ipo/uti-amc_UA03.html,2159.88,3.34,0.93,2.32,2.31,554.0,476.2,476.6,-13.97,"1,042.05",88.1
12-10-20,Mazagon Dock,https://www.moneycontrol.com/ipo/mazagon-dock_MDS01.html,443.69,89.71,678.88,35.63,157.41,145.0,216.25,173.0,19.31,259.50,78.97
05-10-20,Angel Broking,https://www.moneycontrol.com/ipo/angel-broking_ABL03.html,600.0,5.74,0.69,4.31,3.94,306.0,275.0,275.85,-9.85,"1,186.85",287.86
01-10-20,CAMS,https://www.moneycontrol.com/ipo/cams_CAM.html,2244.33,73.18,111.85,5.55,46.99,1230.0,1535.0,1401.6,13.95,"3,344.45",171.91
01-10-20,Chemcon Special,https://www.moneycontrol.com/ipo/chemcon-special_CSC02.html,318.0,113.54,449.14,41.21,149.33,340.0,731.0,584.8,72.0,502.00,47.65
21-09-20,Route,https://www.moneycontrol.com/ipo/route_RML02.html,600.0,89.76,192.81,12.67,73.3,350.0,708.0,651.1,86.03,"2,063.10",489.46
17-09-20,Happiest Minds ,https://www.moneycontrol.com/ipo/happiest-minds-_HMT01.html,702.02,77.43,351.46,70.94,150.98,166.0,351.0,371.0,123.49,"1,361.65",720.27
23-07-20,Rossari,https://www.moneycontrol.com/ipo/rossari_RB04.html,496.25,2.75,4.34,2.51,2.97,425.0,670.0,742.35,74.67,"1,243.35",192.55
16-03-20,SBI Card,https://www.moneycontrol.com/ipo/sbi-card_SCP03.html,10286.2,57.18,45.23,2.5,26.54,755.0,658.0,683.2,-9.51,"1,036.45",37.28
30-12-19,Prince Pipes,https://www.moneycontrol.com/ipo/prince-pipes_PPF.html,500.0,3.54,1.21,1.89,2.21,178.0,160.0,166.6,-6.4,685.70,285.22
12-12-19,Ujjivan Small,https://www.moneycontrol.com/ipo/ujjivan-small_USF.html,750.0,110.72,473.0,49.09,165.68,37.0,58.75,55.9,51.08,28.80,-22.16
04-12-19,CSB Bank,https://www.moneycontrol.com/ipo/csb-bank_CB08.html,409.68,38.85,45.49,9.01,35.24,195.0,275.0,300.1,53.9,349.80,79.38
14-10-19,IRCTC,https://www.moneycontrol.com/ipo/irctc_IRC.html,635.04,108.79,354.52,14.94,111.95,320.0,644.0,728.6,127.69,"2,329.60",628.0
20-08-19,Sterling & Wils,https://www.moneycontrol.com/ipo/sterling-and-wils_SWS.html,3125.0,1.02,0.89,0.3,0.85,780.0,700.0,725.35,-7.01,286.10,-63.32
04-07-19,Indiamart Inter,https://www.moneycontrol.com/ipo/indiamart-inter_II22.html,474.12,30.83,62.13,14.07,36.21,973.0,1180.0,1302.55,33.87,"7,135.65",633.37
08-05-19,Neogen,https://www.moneycontrol.com/ipo/neogen_NC12.html,131.48,30.49,113.88,16.06,41.18,0.0,251.0,263.55,0.0,917.00,
15-04-19,Metropolis,https://www.moneycontrol.com/ipo/metropolis_MH09.html,1200.18,8.88,3.03,2.21,5.84,880.0,960.0,959.55,9.04,"2,855.00",224.43
11-04-19,Rail Vikas,https://www.moneycontrol.com/ipo/rail-vikas_RVN.html,430.88,1.36,0.8,2.92,1.82,19.0,19.0,19.05,0.26,29.65,56.05
01-04-19,Embassy Office,https://www.moneycontrol.com/ipo/embassy-office_EOP.html,4750.0,2.15,3.09,0.31,2.57,300.0,300.0,314.1,4.7,362.51,20.84
29-03-19,MSTC,https://www.moneycontrol.com/ipo/mstc_M14.html,213.81,1.13,2.15,2.95,1.46,128.0,111.0,114.2,-10.78,284.05,121.91
07-02-19,Chalet Hotels,https://www.moneycontrol.com/ipo/chalet-hotels_CH03.html,1628.84,4.66,1.1,0.03,1.57,280.0,291.0,290.4,3.71,176.35,-37.02
04-02-19,Xelpmoc Design ,https://www.moneycontrol.com/ipo/xelpmoc-design-_XDT.html,23.0,1.24,7.69,2.64,3.25,66.0,56.0,58.8,-10.91,418.90,534.7
08-10-18,AAVAS Financier,https://www.moneycontrol.com/ipo/aavas-financier_AF32.html,1729.2,2.77,0.26,0.25,0.97,821.0,758.0,773.15,-5.83,"2,523.30",207.34
23-08-18,CreditAccess Gr,https://www.moneycontrol.com/ipo/creditaccess-gr_CG02.html,1126.44,5.52,0.98,0.88,2.22,422.0,393.0,420.8,-0.28,662.45,56.98
30-07-18,TCNS Clothing C,https://www.moneycontrol.com/ipo/tcns-clothing-c_TCC.html,1121.98,13.47,5.08,0.67,5.27,716.0,715.0,657.8,-8.13,584.65,-18.34
02-07-18,RITES,https://www.moneycontrol.com/ipo/rites_R06.html,453.6,71.72,194.56,15.74,67.24,185.0,190.0,170.16,-8.02,276.90,49.68
02-07-18,Fine Organics,https://www.moneycontrol.com/ipo/fine-organics_FOI.html,597.87,12.86,21.01,1.62,8.99,783.0,815.0,822.8,5.08,"2,998.10",282.9
21-05-18,Indostar Capita,https://www.moneycontrol.com/ipo/indostar-capita_ICF01.html,1844.0,16.08,6.91,1.48,6.8,572.0,600.6,585.5,2.36,338.45,-40.83
05-04-18,ICICI Securitie,https://www.moneycontrol.com/ipo/icici-securitie_ISL03.html,4016.0,0.54,0.05,0.39,0.36,520.0,435.0,444.9,-14.44,731.60,40.69
04-04-18,Mishra Dhatu Ni,https://www.moneycontrol.com/ipo/mishra-dhatu-ni_MDN.html,438.38,1.96,0.12,0.72,1.21,0.0,93.1,90.0,0.0,190.65,
28-03-18,Hindustan Aeron,https://www.moneycontrol.com/ipo/hindustan-aeron_HAL.html,4229.0,1.73,0.03,0.39,0.99,1215.0,1159.0,1128.35,-7.13,"1,116.55",-8.1
27-03-18,Bandhan Bank,https://www.moneycontrol.com/ipo/bandhan-bank_BB09.html,4473.0,38.67,13.89,1.2,14.63,375.0,485.0,477.2,27.25,291.30,-22.32
23-03-18,Bharat Dynamics,https://www.moneycontrol.com/ipo/bharat-dynamics_BDL01.html,960.94,1.5,0.5,1.41,1.3,428.0,360.0,390.7,-8.71,419.90,-1.89
09-03-18,HG Infra Engg,https://www.moneycontrol.com/ipo/hg-infra-engg_HIE.html,457.7,8.37,4.97,3.08,4.98,270.0,270.0,270.05,0.02,528.50,95.74
26-02-18,Aster DM Health,https://www.moneycontrol.com/ipo/aster-dm-health_ADH.html,980.14,2.1,0.55,1.18,1.31,190.0,182.0,179.85,-5.34,163.30,-14.05
08-02-18,Galaxy Surfacta,https://www.moneycontrol.com/ipo/galaxy-surfacta_GSL06.html,937.09,54.67,6.96,6.0,20.0,1480.0,1525.0,1698.1,14.74,"3,120.00",110.81
30-01-18,Amber Enterpris,https://www.moneycontrol.com/ipo/amber-enterpris_AEI01.html,600.0,174.99,519.26,11.65,165.42,859.0,1175.0,1237.25,44.03,"2,992.30",248.35
29-01-18,Newgen Software,https://www.moneycontrol.com/ipo/newgen-software_NST01.html,424.62,15.62,5.52,5.18,8.25,245.0,256.0,253.0,3.27,609.00,148.57
22-01-18,Apollo Micro Sy,https://www.moneycontrol.com/ipo/apollo-micro-sy_AMS.html,156.0,101.93,958.07,40.19,248.51,275.0,478.0,454.1,65.13,115.90,-57.85
29-12-17,Astron Paper & ,https://www.moneycontrol.com/ipo/astron-paper-and-_APB.html,70.0,103.35,396.99,77.93,243.29,50.0,120.75,119.7,139.4,61.30,22.6
18-12-17,Future Supply,https://www.moneycontrol.com/ipo/future-supply_FSC.html,649.69,12.36,11.15,3.28,7.56,664.0,674.0,685.8,3.28,82.85,-87.52
15-12-17,Shalby ,https://www.moneycontrol.com/ipo/shalby-_SL17.html,504.8,4.34,0.42,2.98,2.82,248.0,237.0,239.25,-3.53,193.80,-21.85
17-11-17,HDFC Life,https://www.moneycontrol.com/ipo/hdfc-life_HSL01.html,8695.01,16.6,2.29,0.9,4.89,290.0,313.0,344.25,18.71,665.10,129.34
14-11-17,Khadim India,https://www.moneycontrol.com/ipo/khadim-india_KIL06.html,493.06,2.45,0.18,2.34,1.9,750.0,727.0,688.5,-8.2,293.85,-60.82
10-11-17,Mahindra Logist,https://www.moneycontrol.com/ipo/mahindra-logist_ML12.html,829.36,15.61,2.07,6.11,7.9,429.0,425.0,429.15,0.03,748.20,74.41
06-11-17,Nippon,https://www.moneycontrol.com/ipo/nippon_RNL.html,1542.0,118.41,209.44,5.23,81.33,252.0,289.0,284.0,12.7,399.95,58.71
25-10-17,General Insuran,https://www.moneycontrol.com/ipo/general-insuran_GIC12.html,11372.0,2.25,0.22,0.63,1.38,912.0,870.4,435.2,-52.28,180.15,-80.25
23-10-17,IEX,https://www.moneycontrol.com/ipo/iex_IEE.html,1000.7,2.56,0.85,2.61,2.28,1650.0,1500.0,162.65,-90.14,430.80,-73.89
16-10-17,Godrej Agrovet,https://www.moneycontrol.com/ipo/godrej-agrovet_GA08.html,1157.31,150.96,236.04,7.67,95.41,460.0,615.0,595.55,29.47,694.00,50.87
05-10-17,Prataap Snacks ,https://www.moneycontrol.com/ipo/prataap-snacks-_PS20.html,481.94,76.89,101.15,7.62,46.97,938.0,1250.0,1178.3,25.62,740.00,-21.11
03-10-17,SBI Life Insura,https://www.moneycontrol.com/ipo/sbi-life-insura_SLI03.html,8400.0,12.56,0.7,0.81,3.55,700.0,735.0,708.0,1.14,"1,099.70",57.1
27-09-17,ICICI Lombard ,https://www.moneycontrol.com/ipo/icici-lombard-_ILG.html,5700.94,8.93,0.83,1.23,2.98,661.0,651.0,681.55,3.11,"1,475.60",123.24
25-09-17,Capacite Infra,https://www.moneycontrol.com/ipo/capacite-infra_CI31.html,400.0,131.32,638.05,17.57,183.03,250.0,360.0,342.4,36.96,228.35,-8.66
21-09-17,Matrimony.com,https://www.moneycontrol.com/ipo/matrimony.com_M13.html,501.07,1.88,0.41,18.16,4.44,985.0,985.0,901.2,-8.51,"1,154.60",17.22
18-09-17,Dixon Technolog,https://www.moneycontrol.com/ipo/dixon-technolog_DT07.html,599.28,134.66,345.62,9.46,117.27,1766.0,2725.0,578.56,-67.24,"4,300.95",143.54
18-09-17,Bharat Road Net,https://www.moneycontrol.com/ipo/bharat-road-net_BRN.html,600.65,1.33,1.63,5.16,1.75,205.0,205.0,208.15,1.54,34.80,-83.02
04-09-17,Apex Frozen,https://www.moneycontrol.com/ipo/apex-frozen_AFF.html,152.25,1.91,7.82,8.53,6.14,175.0,202.0,209.85,19.91,377.20,115.54
11-08-17,Cochin Shipyard,https://www.moneycontrol.com/ipo/cochin-shipyard_CS17.html,1454.0,63.51,288.87,8.12,76.06,432.0,461.0,522.0,20.83,376.45,-12.86
10-08-17,SIS,https://www.moneycontrol.com/ipo/sis_SIS07.html,362.25,5.64,1.65,18.67,6.92,815.0,875.0,378.35,-53.58,485.00,-40.49
25-07-17,Salasar Techno ,https://www.moneycontrol.com/ipo/salasar-techno-_STE02.html,35.87,0.0,487.18,58.59,277.28,108.0,259.45,272.1,151.94,342.00,216.67
10-07-17,AU Small Financ,https://www.moneycontrol.com/ipo/au-small-financ_ASF03.html,1912.51,78.77,143.51,3.52,53.6,358.0,544.0,541.2,51.17,"1,219.90",240.75
04-07-17,GTPL Hathway,https://www.moneycontrol.com/ipo/gtpl-hathway_GH02.html,484.8,1.48,2.48,0.99,1.53,170.0,170.0,171.65,0.97,191.35,12.56
30-06-17,CDSL,https://www.moneycontrol.com/ipo/cdsl_CDS.html,523.99,148.71,563.03,23.83,170.16,149.0,250.0,261.6,75.57,"1,331.45",793.59
29-06-17,Eris Life,https://www.moneycontrol.com/ipo/eris-life_EL01.html,1741.1,4.68,0.45,3.51,3.29,603.0,612.0,601.05,-0.32,792.10,31.36
27-06-17,Tejas Networks,https://www.moneycontrol.com/ipo/tejas-networks_TN.html,326.69,2.16,0.48,3.1,1.88,257.0,257.7,263.3,2.45,258.30,0.51
06-06-17,IndiGrid InvIT ,https://www.moneycontrol.com/ipo/indigrid-invit-_IIF01.html,2250.0,1.14,1.6,0.0,1.35,100.0,99.7,95.08,-4.92,141.25,41.25
29-05-17,PSP Projects,https://www.moneycontrol.com/ipo/psp-projects_PP33.html,211.68,8.38,10.39,6.47,8.58,210.0,195.0,208.95,-0.5,464.75,121.31
19-05-17,HUDCO,https://www.moneycontrol.com/ipo/hudco_HUD.html,1224.0,55.45,330.36,10.79,79.53,58.0,76.5,72.5,25.0,45.30,-21.9
09-05-17,S Chand and Co,https://www.moneycontrol.com/ipo/s-chand-and-co_CCL04.html,325.0,44.27,204.65,6.07,59.49,670.0,675.85,675.85,0.87,141.00,-78.96
05-04-17,Shankara Buildi,https://www.moneycontrol.com/ipo/shankara-buildi_SBP02.html,232.96,51.62,90.68,15.35,41.88,460.0,545.0,632.8,37.57,654.25,42.23
31-03-17,CL Educate,https://www.moneycontrol.com/ipo/cl-educate_CE10.html,238.95,3.65,0.21,1.63,1.9,500.0,398.0,417.9,-16.42,159.65,-68.07
21-03-17,Avenue Supermar,https://www.moneycontrol.com/ipo/avenue-supermar_AS28.html,1870.0,144.61,277.74,7.3,104.48,299.0,604.0,640.75,114.3,"3,500.55",1070.75
17-03-17,Music Broadcast,https://www.moneycontrol.com/ipo/music-broadcast_MB04.html,488.53,39.78,109.13,9.85,39.67,333.0,413.0,59.7,-82.07,24.60,-92.61
03-02-17,BSE Limited,https://www.moneycontrol.com/ipo/bse-limited_B03.html,1243.0,48.64,159.03,6.48,51.22,806.0,1085.0,1069.2,32.66,"1,248.80",54.94
19-12-16,Laurus Labs,https://www.moneycontrol.com/ipo/laurus-labs_LL06.html,560.7,10.54,3.57,1.58,4.53,428.0,489.9,96.1,-77.55,640.65,49.68
09-12-16,Sheela Foam,https://www.moneycontrol.com/ipo/sheela-foam_SF30.html,178.5,14.51,3.35,0.44,5.09,730.0,860.0,1032.0,41.37,"2,385.00",226.71
08-11-16,Varun Beverages,https://www.moneycontrol.com/ipo/varun-beverages_VB05.html,1114.0,4.94,0.42,0.82,1.86,445.0,430.0,205.29,-53.87,758.40,70.43
07-11-16,PNB Housing Fin,https://www.moneycontrol.com/ipo/pnb-housing-fin_PHF.html,3000.0,37.33,86.17,1.32,29.53,775.0,860.0,890.6,14.92,677.25,-12.61
19-10-16,Endurance Techn,https://www.moneycontrol.com/ipo/endurance-techn_ET04.html,1161.0,1.7,0.13,0.82,0.92,472.0,572.0,647.7,37.22,"1,734.00",267.37
04-10-16,HPL Electric & ,https://www.moneycontrol.com/ipo/hpl-electric-and-_HEP.html,361.0,5.77,22.2,3.31,8.06,202.0,190.0,189.05,-6.41,83.55,-58.64
29-09-16,ICICI Prudentia,https://www.moneycontrol.com/ipo/icici-prudentia_IPL01.html,6057.0,11.83,28.55,1.42,10.48,334.0,329.0,297.65,-10.88,631.60,89.1
27-09-16,GNA Axles,https://www.moneycontrol.com/ipo/gna-axles_A11.html,130.41,17.18,217.47,11.84,54.88,207.0,252.0,233.45,12.78,651.00,214.49
23-09-16,L&T Technology,https://www.moneycontrol.com/ipo/landt-technology_LTS.html,900.0,5.01,1.03,1.74,2.52,860.0,900.0,865.1,0.59,"3,720.00",332.56
31-08-16,RBL Bank,https://www.moneycontrol.com/ipo/rbl-bank_RB02.html,1100.0,85.08,198.06,5.7,69.62,225.0,274.4,299.3,33.02,192.95,-14.24
12-08-16,S P Apparels,https://www.moneycontrol.com/ipo/s-p-apparels_A09.html,215.0,1.0,0.45,0.54,0.66,268.0,275.0,295.0,10.07,324.05,20.91
11-08-16,Dilip Buildcon,https://www.moneycontrol.com/ipo/dilip-buildcon_DB03.html,430.0,0.0,0.0,0.0,0.0,219.0,240.0,251.95,15.05,560.00,155.71
01-08-16,Advanced Enzyme,https://www.moneycontrol.com/ipo/advanced-enzyme_AET02.html,60.0,94.03,393.1,11.67,116.02,896.0,1210.0,235.66,-73.7,399.45,-55.42
21-07-16,L&T Infotech,https://www.moneycontrol.com/ipo/landt-infotech_LI09.html,1242.0,19.91,10.76,7.39,11.69,710.0,667.0,697.65,-1.74,"4,684.80",559.83
12-07-16,Quess Corp,https://www.moneycontrol.com/ipo/quess-corp_QC.html,400.0,59.02,392.21,31.23,143.99,317.0,500.0,503.0,58.68,867.20,173.56
01-07-16,Mahanagar Gas,https://www.moneycontrol.com/ipo/mahanagar-gas_MG02.html,1039.64,72.84,191.61,6.82,64.54,421.0,540.0,519.9,23.49,"1,165.95",176.95
19-05-16,Parag Milk Food,https://www.moneycontrol.com/ipo/parag-milk-food_PMF01.html,764.3,1.15,3.08,2.12,1.83,215.0,230.0,247.8,15.26,138.55,-35.56
10-05-16,Ujjivan Financi,https://www.moneycontrol.com/ipo/ujjivan-financi_UFS01.html,358.16,33.84,135.45,4.02,40.68,210.0,231.9,231.6,10.29,239.75,14.17
09-05-16,Thyrocare Techn,https://www.moneycontrol.com/ipo/thyrocare-techn_TT14.html,479.21,73.18,225.3,8.73,73.55,446.0,662.0,618.1,38.59,"1,306.50",192.94
21-04-16,Equitas Holding,https://www.moneycontrol.com/ipo/equitas-holding_EH03.html,2159.0,14.93,57.29,1.4,17.21,110.0,145.1,135.25,22.95,128.50,16.82
01-04-16,Bharat Wire Rop,https://www.moneycontrol.com/ipo/bharat-wire-rop_BWR01.html,70.0,1.01,2.02,2.08,1.21,45.0,47.25,45.4,0.89,79.05,75.67
18-02-16,Quick Heal Tech,https://www.moneycontrol.com/ipo/quick-heal-tech_QHT.html,450.0,4.34,36.69,3.82,10.8,321.0,305.0,254.45,-20.73,303.25,-5.53
12-02-16,TeamLease Ser.,https://www.moneycontrol.com/ipo/teamlease-ser._TS15.html,273.68,26.97,185.24,10.61,66.02,850.0,860.0,1021.95,20.23,"4,256.05",400.71
08-02-16,Precision Camsh,https://www.moneycontrol.com/ipo/precision-camsh_PC24.html,410.0,2.62,0.73,2.01,1.91,186.0,165.0,177.25,-4.7,109.05,-41.37
06-01-16,Narayana Hruda,https://www.moneycontrol.com/ipo/narayana-hruda_NH.html,613.0,0.01,0.01,0.13,0.07,250.0,291.0,336.7,34.68,489.00,95.6
23-12-15,Dr Lal PathLab,https://www.moneycontrol.com/ipo/dr-lal-pathlab_DLP01.html,638.0,63.56,61.28,4.24,33.41,550.0,717.0,824.15,49.85,"3,554.55",546.28
23-12-15,Alkem Lab,https://www.moneycontrol.com/ipo/alkem-lab_AL16.html,1349.6,57.19,129.96,3.17,44.29,1050.0,1380.0,1381.45,31.57,"3,454.55",229.0
16-11-15,S H Kelkar,https://www.moneycontrol.com/ipo/s-h-kelkar_KC17.html,200.0,0.0,0.0,0.0,0.0,180.0,216.0,207.3,15.17,169.10,-6.06
10-11-15,Interglobe Avi,https://www.moneycontrol.com/ipo/interglobe-avi_IA05.html,3000.0,17.8,3.57,0.92,6.15,765.0,868.0,878.45,14.83,"1,668.00",118.04
02-11-15,Coffee Day,https://www.moneycontrol.com/ipo/coffee-day_CDE.html,1150.0,4.39,0.54,0.9,1.82,328.0,313.0,270.15,-17.64,41.00,-87.5
21-09-15,Prabhat Dairy,https://www.moneycontrol.com/ipo/prabhat-dairy_PD07.html,300.0,0.88,1.42,0.34,0.77,115.0,113.0,116.35,1.17,99.65,-13.35
16-09-15,Sadbhav Infra,https://www.moneycontrol.com/ipo/sadbhav-infra_SIP.html,425.0,3.04,1.66,1.69,2.24,103.0,111.0,106.15,3.06,28.40,-72.43
10-09-15,Shree Pushkar,https://www.moneycontrol.com/ipo/shree-pushkar_SPC03.html,70.0,0.97,2.09,1.54,1.34,65.0,60.05,63.0,-3.08,172.80,165.85
10-09-15,Pennar Eng,https://www.moneycontrol.com/ipo/pennar-eng_PEB.html,156.19,0.0,0.04,0.11,0.07,178.0,177.95,157.5,-11.52,63.85,-64.13
09-09-15,Navkar Corp,https://www.moneycontrol.com/ipo/navkar-corp_NC09.html,600.0,6.47,0.9,1.62,2.85,155.0,152.0,166.4,7.35,49.45,-68.1
26-08-15,Power Mech,https://www.moneycontrol.com/ipo/power-mech_PMP.html,273.22,27.53,133.22,3.42,38.12,640.0,600.0,585.75,-8.48,815.00,27.34
11-08-15,Syngene Intl,https://www.moneycontrol.com/ipo/syngene-intl_SI62.html,550.0,51.47,90.24,4.78,32.05,250.0,295.0,155.2,-37.92,637.75,155.1
09-07-15,Manpasand Bever,https://www.moneycontrol.com/ipo/manpasand-bever_MB03.html,400.0,1.99,0.38,1.16,1.4,320.0,291.0,163.43,-48.93,6.14,-98.08
26-05-15,PNC Infratech,https://www.moneycontrol.com/ipo/pnc-infratech_PI29.html,488.0,4.51,0.65,0.28,1.56,378.0,381.0,72.04,-80.94,314.20,-16.88
14-05-15,UFO Moviez,https://www.moneycontrol.com/ipo/ufo-moviez_UMI03.html,600.0,4.49,1.17,1.02,2.04,625.0,600.0,598.8,-4.19,105.75,-83.08
06-05-15,MEP Infra,https://www.moneycontrol.com/ipo/mep-infra_MID.html,324.0,1.02,1.51,0.97,1.11,63.0,63.0,60.95,-3.25,23.20,-63.17
30-04-15,VRL Logistics,https://www.moneycontrol.com/ipo/vrl-logistics_VL08.html,473.88,58.22,250.86,7.92,74.26,205.0,288.0,293.3,43.07,303.65,48.12
09-04-15,Inox Wind,https://www.moneycontrol.com/ipo/inox-wind_IW.html,700.0,35.68,35.38,2.15,18.6,325.0,400.0,438.0,34.77,141.90,-56.34
06-04-15,Imagicaaworld,https://www.moneycontrol.com/ipo/imagicaaworld_AE16.html,467.0,1.17,0.49,1.37,1.11,180.0,167.95,191.25,6.25,8.64,-95.2
19-03-15,Ortel Comm,https://www.moneycontrol.com/ipo/ortel-comm_OC13.html,240.0,1.01,0.09,0.39,0.75,181.0,181.0,171.95,-5.0,1.29,-99.29
19-12-14,Monte Carlo,https://www.moneycontrol.com/ipo/monte-carlo_MC19.html,342.28,13.96,1.71,6.96,7.83,645.0,585.0,566.4,-12.19,379.80,-41.12
01-10-14,Shemaroo Ent,https://www.moneycontrol.com/ipo/shemaroo-ent_SE22.html,120.0,5.69,8.64,7.79,7.39,170.0,180.0,171.0,0.59,127.10,-25.24
23-09-14,Sharda Crop,https://www.moneycontrol.com/ipo/sharda-crop_SC47.html,352.0,32.06,251.35,5.85,59.97,156.0,254.1,231.45,48.37,347.90,123.01
12-09-14,Snowman Logist,https://www.moneycontrol.com/ipo/snowman-logist_SL16.html,197.4,16.98,221.79,41.26,59.75,47.0,75.0,78.75,67.55,50.50,7.45
09-05-14,Wonderla,https://www.moneycontrol.com/ipo/wonderla_WH03.html,181.25,16.71,159.04,7.56,38.06,125.0,164.75,157.6,26.08,244.50,95.6
05-06-13,Just Dial,https://www.moneycontrol.com/ipo/just-dial_JD02.html,950.0,10.12,22.34,3.53,11.63,530.0,590.0,611.45,15.37,964.15,81.92
01-04-13,Repco Home,https://www.moneycontrol.com/ipo/repco-home_RHF01.html,270.38,3.39,0.35,0.51,1.65,172.0,159.95,160.85,-6.48,340.00,97.67
28-12-12,INDUS TOWERS,https://www.moneycontrol.com/ipo/indus-towers_BI26.html,4533.6,2.84,0.1,0.06,1.21,220.0,200.0,191.2,-13.09,222.15,0.98
27-12-12,PC Jeweller,https://www.moneycontrol.com/ipo/pc-jeweller_PJ.html,609.3,7.33,18.12,1.68,6.85,135.0,137.0,74.5,-44.81,24.60,-81.78
26-12-12,CARE Ratings,https://www.moneycontrol.com/ipo/care-ratings_CAR.html,539.98,45.8,110.96,6.18,40.98,750.0,940.0,923.95,23.19,721.50,-3.8
06-12-12,Tara Jewels,https://www.moneycontrol.com/ipo/tara-jewels_TJ01.html,0.0,1.49,3.1,2.05,1.98,230.0,242.0,229.95,-0.02,0.76,-99.67
18-07-12,VKS Projects,https://www.moneycontrol.com/ipo/vks-projects_VP08.html,55.0,1.15,0.38,1.13,1.03,55.0,55.8,1.57,-97.15,0.04,-99.93
30-05-12,Speciality Rest,https://www.moneycontrol.com/ipo/speciality-rest_SR04.html,181.96,4.68,2.19,0.55,2.54,150.0,153.0,160.65,7.1,73.70,-50.87
09-05-12,Tribhovandas,https://www.moneycontrol.com/ipo/tribhovandas_TBZ.html,210.0,1.29,1.91,0.68,1.15,120.0,115.0,111.2,-7.33,84.25,-29.79
12-04-12,MT Educare,https://www.moneycontrol.com/ipo/mt-educare_ME16.html,99.0,6.01,8.0,2.17,4.8,80.0,86.05,90.35,12.94,9.75,-87.81
12-04-12,NBCC (India),https://www.moneycontrol.com/ipo/nbcc-(india)_NBC.html,127.2,7.07,1.7,3.4,4.93,106.0,100.0,6.47,-93.9,51.45,-51.46
28-03-12,Olympic Cards,https://www.moneycontrol.com/ipo/olympic-cards_OC11.html,25.0,0.0,3.43,1.36,0.99,30.0,29.95,28.5,-5.0,2.79,-90.7
09-03-12,MCX India,https://www.moneycontrol.com/ipo/mcx-india_MCE.html,663.31,49.12,150.35,24.14,54.13,1032.0,1387.0,1297.05,25.68,"1,599.65",55.0
02-11-11,Indo Thai Secu,https://www.moneycontrol.com/ipo/indo-thai-secu_ITS.html,33.6,0.0,0.02,3.31,1.16,74.0,76.0,23.0,-68.92,71.00,-4.05
24-10-11,Vaswani Ind,https://www.moneycontrol.com/ipo/vaswani-ind_VI17.html,49.0,0.16,11.29,6.82,4.16,49.0,33.45,17.75,-63.78,13.63,-72.18
20-10-11,Ujaas Energy,https://www.moneycontrol.com/ipo/ujaas-energy_S16.html,93.0,1.03,1.56,2.35,1.57,186.0,180.0,31.76,-82.92,2.99,-98.39
19-10-11,Flexituff Ventu,https://www.moneycontrol.com/ipo/flexituff-ventu_FI19.html,104.63,0.51,1.55,1.55,1.03,155.0,155.0,166.4,7.35,21.35,-86.23
19-10-11,Taksheel Solut,https://www.moneycontrol.com/ipo/taksheel-solut_TS13.html,82.5,0.24,4.7,6.18,2.99,150.0,157.4,58.15,-61.23,3.85,-97.43
17-10-11,Onelife Capital,https://www.moneycontrol.com/ipo/onelife-capital_OCA.html,36.85,1.02,0.93,2.32,1.51,110.0,115.0,145.9,32.64,12.11,-88.99
04-10-11,Setubandhan Inf,https://www.moneycontrol.com/ipo/setubandhan-inf_PC20.html,60.0,0.31,2.76,4.68,2.21,138.0,145.0,22.95,-83.37,1.46,-98.94
26-09-11,PG Electroplast,https://www.moneycontrol.com/ipo/pg-electroplast_PE06.html,120.65,0.98,1.84,1.64,1.34,210.0,200.0,411.65,96.02,377.80,79.9
16-09-11,SRS,https://www.moneycontrol.com/ipo/srs_S15.html,227.5,0.74,5.0,0.29,1.22,58.0,55.0,16.83,-70.98,0.19,-99.67
08-09-11,TD Power System,https://www.moneycontrol.com/ipo/td-power-system_TPS.html,227.0,6.52,0.32,0.36,2.72,256.0,251.6,274.8,7.34,193.10,-24.57
05-09-11,Brooks Labs,https://www.moneycontrol.com/ipo/brooks-labs_BL04.html,63.0,0.0,2.82,3.36,1.6,100.0,110.0,50.2,-49.8,88.50,-11.5
26-08-11,Tree House,https://www.moneycontrol.com/ipo/tree-house_THE01.html,112.06,1.02,1.68,2.76,1.85,135.0,132.8,116.55,-13.67,11.06,-91.81
12-08-11,L&T Finance,https://www.moneycontrol.com/ipo/landt-finance_LFH.html,1245.0,1.93,6.18,9.61,5.34,52.0,53.85,46.46,-10.65,88.30,69.81
04-08-11,Inventure Grow,https://www.moneycontrol.com/ipo/inventure-grow_IGS.html,81.9,0.25,9.49,8.66,4.58,117.0,119.0,5.2,-95.56,3.53,-96.98
28-07-11,Bharatiya Glob,https://www.moneycontrol.com/ipo/bharatiya-glob_BGI01.html,55.1,0.0,1.94,5.06,2.06,82.0,84.0,30.95,-62.26,1.78,-97.83
13-07-11,Kridhan Infra,https://www.moneycontrol.com/ipo/kridhan-infra_RSI02.html,34.75,0.03,1.37,4.18,1.68,108.0,115.0,13.29,-87.69,5.29,-95.1
07-07-11,Birla Pacific,https://www.moneycontrol.com/ipo/birla-pacific_BPM.html,65.18,1.04,0.17,1.82,1.18,10.0,10.1,25.35,153.5,0.28,-97.2
07-07-11,Rushil Decor,https://www.moneycontrol.com/ipo/rushil-decor_RD02.html,40.64,0.23,1.35,6.57,2.62,72.0,81.25,104.49,45.12,290.10,302.92
22-06-11,Timbor Home,https://www.moneycontrol.com/ipo/timbor-home_TH02.html,23.25,0.65,3.22,14.22,5.78,63.0,72.0,91.2,44.76,2.21,-96.49
14-06-11,VMS Industries,https://www.moneycontrol.com/ipo/vms-industries_VI18.html,25.75,0.0,1.11,3.41,1.36,40.0,43.95,28.5,-28.75,16.21,-59.48
27-05-11,Dr Datson Labs,https://www.moneycontrol.com/ipo/dr-datson-labs_AL15.html,120.0,0.14,2.65,1.84,1.11,234.0,218.0,311.25,33.01,6.29,-97.31
23-05-11,Sanghvi Forging,https://www.moneycontrol.com/ipo/sanghvi-forging_SFE02.html,36.9,0.0,1.82,2.93,1.3,85.0,88.0,111.75,31.47,16.50,-80.59
13-05-11,Innoventive Ind,https://www.moneycontrol.com/ipo/innoventive-ind_II18.html,219.58,0.85,1.94,1.48,1.24,117.0,110.0,93.6,-20.0,4.20,-96.41
12-05-11,Servalakshmi,https://www.moneycontrol.com/ipo/servalakshmi_SP39.html,60.0,0.34,4.21,1.9,1.47,29.0,30.0,19.0,-34.48,1.33,-95.41
10-05-11,Future Consumer,https://www.moneycontrol.com/ipo/future-consumer_FVI.html,750.0,0.26,7.81,0.61,1.52,10.0,9.5,8.3,-17.0,8.24,-17.6
09-05-11,Paramount Print,https://www.moneycontrol.com/ipo/paramount-print_PP31.html,45.83,0.33,3.28,9.31,3.92,35.0,35.0,26.65,-23.86,0.82,-97.66
06-05-11,Muthoot Finance,https://www.moneycontrol.com/ipo/muthoot-finance_MF19.html,901.25,25.01,60.94,8.5,24.55,175.0,176.45,176.25,0.71,"1,555.50",788.86
08-04-11,Shilpi Cable,https://www.moneycontrol.com/ipo/shilpi-cable_SCT02.html,55.88,1.04,6.39,5.74,3.48,69.0,78.35,23.8,-65.51,1.10,-98.41
30-03-11,PTC India Fin,https://www.moneycontrol.com/ipo/ptc-india-fin_PIF02.html,438.76,2.85,0.22,1.18,1.7,28.0,28.0,24.9,-11.07,20.45,-26.96
24-03-11,Lovable Lingeri,https://www.moneycontrol.com/ipo/lovable-lingeri_LL05.html,93.28,21.87,99.87,20.84,35.21,205.0,261.5,249.2,21.56,125.25,-38.9
11-03-11,Sudar Ind,https://www.moneycontrol.com/ipo/sudar-ind_SG11.html,69.98,0.17,4.47,2.27,1.55,77.0,74.0,113.1,46.88,1.02,-98.68
11-03-11,Fineotex Chem,https://www.moneycontrol.com/ipo/fineotex-chem_FC06.html,30.32,0.0,0.22,4.38,1.57,70.0,80.0,14.09,-79.87,104.70,49.57
10-03-11,Acropetal Tech,https://www.moneycontrol.com/ipo/acropetal-tech_AT17.html,170.0,1.12,2.0,1.21,1.28,90.0,130.0,98.45,9.39,1.67,-98.14
10-02-11,Omkar Special,https://www.moneycontrol.com/ipo/omkar-special_OSC01.html,79.38,0.82,5.27,9.9,4.67,98.0,95.0,46.2,-52.86,18.34,-81.29
20-01-11,C Mahendra Expo,https://www.moneycontrol.com/ipo/c-mahendra-expo_ME14.html,165.0,1.02,3.92,4.82,2.78,110.0,111.0,55.43,-49.61,1.79,-98.37
30-12-10,Punjab & Sind,https://www.moneycontrol.com/ipo/punjab-and-sind_PSB.html,480.0,49.8,22.91,8.38,47.2,120.0,146.1,127.05,5.87,20.00,-83.33
23-12-10,A2Z Infra Eng,https://www.moneycontrol.com/ipo/a2z-infra-eng_AME02.html,675.0,0.7,4.25,0.33,0.96,400.0,390.0,328.9,-17.78,5.25,-98.69
20-12-10,Claris Life,https://www.moneycontrol.com/ipo/claris-life_CL02.html,300.0,1.31,2.03,1.6,1.5,228.0,224.4,205.85,-9.71,396.55,73.93
15-12-10,MOIL,https://www.moneycontrol.com/ipo/moil_M11.html,1260.0,0.0,0.0,0.0,0.0,375.0,551.0,233.25,-37.8,190.10,-49.31
06-12-10,RPP Infra Proj,https://www.moneycontrol.com/ipo/rpp-infra-proj_RIP01.html,48.75,0.16,7.27,5.6,2.97,75.0,75.0,68.95,-8.07,85.50,14.0
16-11-10,Gravita India,https://www.moneycontrol.com/ipo/gravita-india_GI24.html,45.0,6.04,182.52,37.34,42.88,125.0,218.75,42.08,-66.34,186.15,48.92
04-11-10,Coal India,https://www.moneycontrol.com/ipo/coal-india_CI29.html,15475.0,24.7,25.4,2.31,15.28,245.0,300.0,342.35,39.73,143.25,-41.53
27-10-10,BS Limited,https://www.moneycontrol.com/ipo/bs-limited_BT08.html,197.36,0.52,3.16,1.04,1.1,248.0,251.0,18.93,-92.37,0.33,-99.87
27-10-10,Gyscoal Alloys,https://www.moneycontrol.com/ipo/gyscoal-alloys_GA07.html,54.67,1.54,33.44,8.0,8.59,71.0,76.6,8.16,-88.51,2.80,-96.06
27-10-10,Prestige Estate,https://www.moneycontrol.com/ipo/prestige-estate_PEP02.html,1200.0,4.32,0.24,0.08,2.26,183.0,190.0,192.55,5.22,341.80,86.78
20-10-10,Oberoi Realty,https://www.moneycontrol.com/ipo/oberoi-realty_OR.html,1028.61,22.15,3.61,0.94,12.13,260.0,280.0,282.95,8.83,672.90,158.81
18-10-10,Commercial Eng,https://www.moneycontrol.com/ipo/commercial-eng_CEB.html,172.41,3.68,0.34,0.38,2.07,127.0,122.8,112.25,-11.61,37.75,-70.28
14-10-10,Sea TV Network,https://www.moneycontrol.com/ipo/sea-tv-network_STN01.html,50.2,1.66,40.94,7.45,9.58,100.0,120.0,106.0,6.0,1.98,-98.02
14-10-10,Bedmutha Ind,https://www.moneycontrol.com/ipo/bedmutha-ind_BI20.html,91.8,0.67,29.19,8.51,7.69,102.0,114.4,180.8,77.25,41.80,-59.02
14-10-10,Ashoka Buildcon,https://www.moneycontrol.com/ipo/ashoka-buildcon_AB.html,225.0,25.52,13.91,3.46,15.94,324.0,333.55,73.33,-77.37,107.45,-66.84
13-10-10,Va Tech Wabag,https://www.moneycontrol.com/ipo/va-tech-wabag_VTW.html,472.6,36.13,100.98,8.55,36.22,1310.0,1655.0,341.88,-73.9,370.00,-71.76
12-10-10,Cantabil Retail,https://www.moneycontrol.com/ipo/cantabil-retail_CRI01.html,105.0,1.71,3.83,2.63,2.35,135.0,133.8,104.75,-22.41,401.60,197.48
12-10-10,Tecpro Systems,https://www.moneycontrol.com/ipo/tecpro-systems_TS12.html,268.03,27.99,62.48,9.07,24.47,355.0,399.4,407.85,14.89,4.53,-98.72
08-10-10,Electrosteel St,https://www.moneycontrol.com/ipo/electrosteel-st_EI19.html,0.0,5.86,28.58,6.19,8.23,11.0,11.15,11.25,2.27,31.05,182.27
08-10-10,Orient Green,https://www.moneycontrol.com/ipo/orient-green_OGP.html,900.0,2.09,0.64,0.18,1.07,47.0,45.7,44.9,-4.47,3.43,-92.7
08-10-10,Ramky Infra,https://www.moneycontrol.com/ipo/ramky-infra_RI29.html,530.0,4.52,1.45,0.99,2.89,450.0,450.0,387.35,-13.92,177.95,-60.46
06-10-10,Eros Intl,https://www.moneycontrol.com/ipo/eros-intl_EIM.html,350.0,25.79,73.4,11.95,26.51,175.0,213.55,190.05,8.6,24.80,-85.83
06-10-10,Career Point,https://www.moneycontrol.com/ipo/career-point_CPI07.html,115.0,47.45,101.93,31.74,47.39,310.0,461.0,632.35,103.98,174.80,-43.61
05-10-10,Sasta Sundar,https://www.moneycontrol.com/ipo/sasta-sundar_MFS04.html,147.5,5.91,35.88,11.04,12.2,118.0,135.1,110.9,-6.02,320.55,171.65
01-10-10,Tirupati Inks,https://www.moneycontrol.com/ipo/tirupati-inks_TI22.html,51.5,1.78,23.18,12.59,8.77,43.0,53.95,36.65,-14.77,1.59,-96.3
29-09-10,Indosolar,https://www.moneycontrol.com/ipo/indosolar_I10.html,357.0,1.44,1.3,1.81,1.55,29.0,29.75,23.7,-18.28,2.94,-89.86
09-09-10,Gujarat Pipavav,https://www.moneycontrol.com/ipo/gujarat-pipavav_GPP03.html,500.0,13.2,85.7,9.15,19.94,46.0,56.25,54.05,17.5,110.80,140.87
25-08-10,Prakash Steelag,https://www.moneycontrol.com/ipo/prakash-steelag_PS16.html,68.75,1.27,10.91,6.62,4.53,110.0,118.55,18.8,-82.91,1.57,-98.57
18-08-10,Bajaj Consumer ,https://www.moneycontrol.com/ipo/bajaj-consumer-_BC14.html,297.0,20.19,53.49,6.62,19.29,660.0,730.0,151.65,-77.02,285.00,-56.82
16-08-10,Bharat Fin,https://www.moneycontrol.com/ipo/bharat-fin_SM15.html,1653.97,20.38,18.26,2.81,13.69,985.0,1036.0,1088.58,10.52,898.20,-8.81
28-07-10,Shri Aster,https://www.moneycontrol.com/ipo/shri-aster_AS24.html,53.1,0.01,12.46,7.41,4.47,118.0,127.7,199.1,68.73,1.28,-98.92
21-07-10,Hindustan Media,https://www.moneycontrol.com/ipo/hindustan-media_HMV.html,270.0,8.98,3.39,1.0,5.43,166.0,177.95,189.2,13.98,87.20,-47.47
16-07-10,Technofab Engg,https://www.moneycontrol.com/ipo/technofab-engg_TE12.html,71.76,4.28,48.85,10.03,12.78,240.0,265.0,295.65,23.19,6.85,-97.15
01-07-10,Parabolic Drugs,https://www.moneycontrol.com/ipo/parabolic-drugs_PD06.html,200.0,1.48,1.2,0.4,1.04,75.0,76.0,64.8,-13.6,5.70,-92.4
21-05-10,Jaypee Infra,https://www.moneycontrol.com/ipo/jaypee-infra_JI07.html,1650.0,1.77,1.15,0.61,1.24,102.0,98.0,91.3,-10.49,2.16,-97.88
20-05-10,SJVN,https://www.moneycontrol.com/ipo/sjvn_S14.html,1079.0,9.03,3.39,3.12,6.64,26.0,27.1,25.05,-3.65,27.25,4.81
19-05-10,GB Global,https://www.moneycontrol.com/ipo/gb-global_MI38.html,107.9,7.97,10.52,2.81,6.32,130.0,131.0,133.65,2.81,9.80,-92.46
18-05-10,Tarapur Trans,https://www.moneycontrol.com/ipo/tarapur-trans_TT11.html,63.75,0.03,5.08,2.74,1.74,75.0,75.0,56.9,-24.13,5.31,-92.92
13-05-10,NEL HOLDINGS SO,https://www.moneycontrol.com/ipo/nel-holdings-so_NE07.html,405.0,2.54,0.22,0.16,1.16,54.0,50.0,50.95,-5.65,2.58,-95.22
10-05-10,Talwalkars Fitn,https://www.moneycontrol.com/ipo/talwalkars-fitn_TBV.html,77.44,35.43,51.48,8.43,28.39,128.0,138.0,162.6,27.03,1.45,-98.87
16-04-10,Goenka Diamond,https://www.moneycontrol.com/ipo/goenka-diamond_GDJ01.html,145.0,0.78,2.99,0.66,1.07,135.0,130.0,12.79,-90.53,1.25,-99.07
12-04-10,Intrasoft Tech,https://www.moneycontrol.com/ipo/intrasoft-tech_IT04.html,53.65,21.97,21.6,13.51,18.95,145.0,140.0,159.35,9.9,114.55,-21.0
09-04-10,Shree Ganesh,https://www.moneycontrol.com/ipo/shree-ganesh_SGJ.html,385.29,1.38,6.13,1.39,1.96,260.0,258.85,163.25,-37.21,0.82,-99.68
06-04-10,Persistent,https://www.moneycontrol.com/ipo/persistent_PS15.html,168.01,144.43,107.73,21.69,93.6,310.0,400.0,204.0,-34.19,"3,131.00",910.0
05-04-10,Pradip Overseas,https://www.moneycontrol.com/ipo/pradip-overseas_PO04.html,116.6,8.57,45.35,10.53,14.08,110.0,120.0,89.29,-18.83,1.20,-98.91
30-03-10,ILandFS Trans,https://www.moneycontrol.com/ipo/ilandfs-trans_ITN.html,700.0,52.61,39.39,4.56,33.42,258.0,287.0,253.68,-1.67,5.42,-97.9
29-03-10,DQ Entertain,https://www.moneycontrol.com/ipo/dq-entertain_DEI01.html,128.38,93.86,272.88,19.45,86.33,80.0,135.0,108.55,35.69,0.91,-98.86
18-03-10,United Bank,https://www.moneycontrol.com/ipo/united-bank_UBO.html,330.0,47.08,39.15,9.8,33.38,66.0,77.0,68.8,4.24,4.48,-93.21
11-03-10,Man Infra,https://www.moneycontrol.com/ipo/man-infra_MI37.html,142.0,96.06,104.57,10.26,62.53,252.0,335.0,69.65,-72.36,65.10,-74.17
10-03-10,Texmo Pipes,https://www.moneycontrol.com/ipo/texmo-pipes_TPP.html,45.0,1.02,30.5,7.26,7.48,90.0,92.8,137.25,52.5,54.20,-39.78
03-03-10,ARSS Infra,https://www.moneycontrol.com/ipo/arss-infra_AIP.html,103.0,49.34,124.53,18.55,47.62,450.0,640.0,736.3,63.62,31.50,-93.0
25-02-10,Hathway Cable,https://www.moneycontrol.com/ipo/hathway-cable_HCD.html,735.4,1.43,4.29,0.28,1.36,240.0,246.0,41.56,-82.68,26.05,-89.15
24-02-10,DB Realty,https://www.moneycontrol.com/ipo/db-realty_DR.html,1500.0,1.35,1.21,0.01,0.85,468.0,452.1,455.4,-2.69,25.60,-94.53
24-02-10,Emmbi Ind,https://www.moneycontrol.com/ipo/emmbi-ind_EP09.html,43.08,0.43,5.55,0.46,1.2,45.0,46.0,28.65,-36.33,113.80,152.89
23-02-10,Aqua Logistics,https://www.moneycontrol.com/ipo/aqua-logistics_AL14.html,150.0,0.26,5.07,3.0,1.94,220.0,225.0,24.46,-88.88,1.40,-99.36
19-02-10,Thangamayil,https://www.moneycontrol.com/ipo/thangamayil_TJ.html,0.0,0.52,1.52,2.26,1.12,75.0,70.0,71.1,-5.2,870.00,1060.0
15-02-10,Vascon Engineer,https://www.moneycontrol.com/ipo/vascon-engineer_VE07.html,199.8,1.12,3.65,0.62,1.22,165.0,155.9,146.38,-11.28,21.70,-86.85
15-02-10,Syncom Health,https://www.moneycontrol.com/ipo/syncom-health_SH12.html,56.25,0.99,16.6,6.25,5.17,75.0,88.0,87.85,17.13,4.06,-94.59
08-02-10,Jubilant Food,https://www.moneycontrol.com/ipo/jubilant-food_JF04.html,328.7,59.39,51.95,3.79,31.11,145.0,160.0,114.5,-21.03,"3,770.20",2500.14
03-02-10,Infinite Comp,https://www.moneycontrol.com/ipo/infinite-comp_ICS.html,189.8,48.44,106.02,11.08,43.22,165.0,178.35,184.51,11.82,473.75,187.12
